strategy,tf,params,n,winrate,avgR,sumR
FVG,M5,"margin=0.25,sl=1.5,tp=4",244,22.950819672131146,-0.15846994535519185,-38.66666666666681
FVG,M5,"margin=0.25,sl=1.5,tp=6",236,15.677966101694915,-0.21610169491525752,-51.000000000000774
FVG,M5,"margin=0.25,sl=1.5,tp=8",235,11.48936170212766,-0.272340425531922,-64.00000000000168
FVG,M5,"margin=0.25,sl=2.0,tp=4",208,31.25,-0.06249999999999718,-12.999999999999414
FVG,M5,"margin=0.25,sl=2.0,tp=6",197,22.33502538071066,-0.10659898477157323,-20.999999999999925
FVG,M5,"margin=0.25,sl=2.0,tp=8",194,17.525773195876287,-0.12371134020618364,-23.999999999999627
FVG,M5,"margin=0.5,sl=1.5,tp=4",227,25.55066079295154,-0.06314243759178799,-14.333333333335872
FVG,M5,"margin=0.5,sl=1.5,tp=6",204,16.176470588235293,-0.19117647058825243,-39.000000000003496
FVG,M5,"margin=0.5,sl=1.5,tp=8",202,13.366336633663368,-0.15346534653466617,-31.000000000002565
FVG,M5,"margin=0.5,sl=2.0,tp=4",211,30.33175355450237,-0.0900473933649219,-18.999999999998522
FVG,M5,"margin=0.5,sl=2.0,tp=6",186,19.35483870967742,-0.2258064516128972,-41.99999999999888
FVG,M5,"margin=0.5,sl=2.0,tp=8",184,16.304347826086957,-0.1847826086956412,-33.99999999999798
MeanReversion,M5,"dev=1.5,sl=1.0,tp=1.5",42193,39.58239518403527,-0.01044012039911811,-440.49999999999045
MeanReversion,M5,"dev=1.5,sl=1.0,tp=2.0",38232,32.76313036200042,-0.017106089139988533,-654.0000000000416
MeanReversion,M5,"dev=1.5,sl=1.0,tp=3.0",33356,24.568293560378944,-0.01726825758484275,-576.0000000000148
MeanReversion,M5,"dev=1.5,sl=1.5,tp=1.5",32603,48.90960954513388,-0.021807809097322328,-710.9999999999999
MeanReversion,M5,"dev=1.5,sl=1.5,tp=2.0",28954,41.51412585480417,-0.03133706338790329,-907.3333333333519
MeanReversion,M5,"dev=1.5,sl=1.5,tp=3.0",24362,32.0786470733109,-0.03764058780067338,-917.0000000000048
MeanReversion,M5,"dev=2.0,sl=1.0,tp=1.5",29336,39.807744750477234,-0.004806381238068625,-140.99999999998118
MeanReversion,M5,"dev=2.0,sl=1.0,tp=2.0",27516,32.98444541357755,-0.01046663759267422,-288.0000000000238
MeanReversion,M5,"dev=2.0,sl=1.0,tp=3.0",25812,24.56221912288858,-0.017511235084457375,-452.00000000001376
MeanReversion,M5,"dev=2.0,sl=1.5,tp=1.5",23359,48.949013228306,-0.021019735433879895,-491.00000000000045
MeanReversion,M5,"dev=2.0,sl=1.5,tp=2.0",21669,41.66782038857354,-0.027750857599951505,-601.3333333333492
MeanReversion,M5,"dev=2.0,sl=1.5,tp=3.0",19847,31.994759913337028,-0.0401572025998905,-797.0000000000268
MeanReversion,M5,"dev=2.5,sl=1.0,tp=1.5",19046,39.68812349049669,-0.0077969127375824695,-148.4999999999957
MeanReversion,M5,"dev=2.5,sl=1.0,tp=2.0",18165,32.89843104872007,-0.013047068538398071,-237.00000000000097
MeanReversion,M5,"dev=2.5,sl=1.0,tp=3.0",17597,24.589418650906406,-0.016423253963744625,-289.00000000001415
MeanReversion,M5,"dev=2.5,sl=1.5,tp=1.5",15421,48.719278905388755,-0.02561442189222488,-394.9999999999999
MeanReversion,M5,"dev=2.5,sl=1.5,tp=2.0",14636,41.295435911451214,-0.036439828732805254,-533.3333333333377
MeanReversion,M5,"dev=2.5,sl=1.5,tp=3.0",14009,32.093654079520306,-0.03719037761439144,-521.0000000000097
TrendFollowing,M5,"fast=10,slow=30,sl=1.5,tp=3",12935,29.43177425589486,-0.047896736392233685,-619.5442852335427
TrendFollowing,M5,"fast=10,slow=30,sl=1.5,tp=4",12935,25.736374178585237,-0.031675990244621775,-409.72893381418265
TrendFollowing,M5,"fast=10,slow=30,sl=1.5,tp=6",12934,21.586516158960876,-0.04444561876815403,-574.8596331473043
TrendFollowing,M5,"fast=10,slow=30,sl=2.0,tp=3",12935,32.40046385775029,-0.049374117754490666,-638.6542131543367
TrendFollowing,M5,"fast=10,slow=30,sl=2.0,tp=4",12935,28.388094317742556,-0.038976407230899845,-504.1598275316895
TrendFollowing,M5,"fast=10,slow=30,sl=2.0,tp=6",12934,23.86732642647286,-0.04984793522805529,-644.7331942396671
TrendFollowing,M5,"fast=20,slow=50,sl=1.5,tp=3",6962,29.790290146509623,-0.0778391490574904,-541.9161557382481
TrendFollowing,M5,"fast=20,slow=50,sl=1.5,tp=4",6962,24.79172651536915,-0.07885451485927321,-548.98513245026
TrendFollowing,M5,"fast=20,slow=50,sl=1.5,tp=6",6962,19.836253950014363,-0.05640001733224604,-392.6569206670969
TrendFollowing,M5,"fast=20,slow=50,sl=2.0,tp=3",6962,34.05630565929331,-0.0828012485917268,-576.462292695602
TrendFollowing,M5,"fast=20,slow=50,sl=2.0,tp=4",6962,28.555012927319734,-0.08756329179334676,-609.6156374652802
TrendFollowing,M5,"fast=20,slow=50,sl=2.0,tp=6",6962,22.680264291870152,-0.08381681521409556,-583.5326675205333
TrendFollowing,M5,"fast=20,slow=100,sl=1.5,tp=3",4788,30.492898913951542,-0.0568859882612727,-272.3701117949737
TrendFollowing,M5,"fast=20,slow=100,sl=1.5,tp=4",4788,24.916457811194654,-0.06474852270747343,-310.0159267233828
TrendFollowing,M5,"fast=20,slow=100,sl=1.5,tp=6",4788,18.796992481203006,-0.061622361661351474,-295.04786763455087
TrendFollowing,M5,"fast=20,slow=100,sl=2.0,tp=3",4788,35.44277360066834,-0.05937027421357352,-284.26487293459
TrendFollowing,M5,"fast=20,slow=100,sl=2.0,tp=4",4788,29.365079365079367,-0.06834370788475307,-327.22967335219766
TrendFollowing,M5,"fast=20,slow=100,sl=2.0,tp=6",4788,22.451963241436925,-0.06848109689746357,-327.88749194505556
OrderBlock,M5,"sl=1.5,tp=3",9404,22.809442790301997,-0.12155186118496064,-1143.0737025833698
OrderBlock,M5,"sl=1.5,tp=4",8526,17.956837907576823,-0.1364101188281515,-1163.0326731288196
OrderBlock,M5,"sl=1.5,tp=6",7596,13.177988414955239,-0.1345208432092159,-1021.820325017204
OrderBlock,M5,"sl=2.0,tp=3",9404,22.809442790301997,-0.12155186118496064,-1143.0737025833698
OrderBlock,M5,"sl=2.0,tp=4",8526,17.956837907576823,-0.1364101188281515,-1163.0326731288196
OrderBlock,M5,"sl=2.0,tp=6",7596,13.177988414955239,-0.1345208432092159,-1021.820325017204
FVG,M15,"margin=0.25,sl=1.5,tp=4",78,20.51282051282051,-0.24786324786324818,-19.333333333333357
FVG,M15,"margin=0.25,sl=1.5,tp=6",69,11.594202898550725,-0.4202898550724629,-28.99999999999994
FVG,M15,"margin=0.25,sl=1.5,tp=8",69,11.594202898550725,-0.2657004830917841,-18.333333333333105
FVG,M15,"margin=0.25,sl=2.0,tp=4",70,25.71428571428571,-0.22857142857142695,-15.999999999999886
FVG,M15,"margin=0.25,sl=2.0,tp=6",63,14.285714285714285,-0.42857142857142605,-26.99999999999984
FVG,M15,"margin=0.25,sl=2.0,tp=8",63,14.285714285714285,-0.2857142857142806,-17.999999999999677
FVG,M15,"margin=0.5,sl=1.5,tp=4",121,24.793388429752067,-0.09090909090909065,-10.999999999999968
FVG,M15,"margin=0.5,sl=1.5,tp=6",111,16.216216216216218,-0.1891891891891898,-21.000000000000068
FVG,M15,"margin=0.5,sl=1.5,tp=8",109,14.678899082568808,-0.07033639143731123,-7.666666666666924
FVG,M15,"margin=0.5,sl=2.0,tp=4",108,27.77777777777778,-0.16666666666666494,-17.99999999999981
FVG,M15,"margin=0.5,sl=2.0,tp=6",99,19.19191919191919,-0.23232323232322608,-22.999999999999382
FVG,M15,"margin=0.5,sl=2.0,tp=8",97,18.556701030927837,-0.07216494845359961,-6.999999999999162
MeanReversion,M15,"dev=1.5,sl=1.0,tp=1.5",13283,37.9206504554694,-0.0519837386132656,-690.5000000000069
MeanReversion,M15,"dev=1.5,sl=1.0,tp=2.0",12266,31.62400130441872,-0.051279960867438114,-628.9999999999959
MeanReversion,M15,"dev=1.5,sl=1.0,tp=3.0",11151,23.61223208680836,-0.05551071652766662,-619.0000000000105
MeanReversion,M15,"dev=1.5,sl=1.5,tp=1.5",10499,47.004476616820654,-0.05991046766358702,-629.0000000000001
MeanReversion,M15,"dev=1.5,sl=1.5,tp=2.0",9539,40.266275290911,-0.060453576545409796,-576.666666666664
MeanReversion,M15,"dev=1.5,sl=1.5,tp=3.0",8486,31.23968889936366,-0.06280933301908932,-532.999999999992
MeanReversion,M15,"dev=2.0,sl=1.0,tp=1.5",9316,37.2584800343495,-0.06853799914126268,-638.5000000000032
MeanReversion,M15,"dev=2.0,sl=1.0,tp=2.0",8805,31.2549687677456,-0.0623509369676315,-548.9999999999953
MeanReversion,M15,"dev=2.0,sl=1.0,tp=3.0",8387,23.452962918802907,-0.061881483247884006,-519.0000000000032
MeanReversion,M15,"dev=2.0,sl=1.5,tp=1.5",7525,47.08305647840532,-0.05833887043189368,-438.99999999999994
MeanReversion,M15,"dev=2.0,sl=1.5,tp=2.0",7022,40.35887211620621,-0.05829298395518813,-409.33333333333104
MeanReversion,M15,"dev=2.0,sl=1.5,tp=3.0",6559,31.315749352035372,-0.060527519438937825,-396.9999999999932
MeanReversion,M15,"dev=2.5,sl=1.0,tp=1.5",6063,37.34125020616857,-0.06646874484578646,-403.0000000000033
MeanReversion,M15,"dev=2.5,sl=1.0,tp=2.0",5824,31.043956043956044,-0.06868131868131759,-399.99999999999363
MeanReversion,M15,"dev=2.5,sl=1.0,tp=3.0",5660,22.95053003533569,-0.08197879858657375,-464.00000000000745
MeanReversion,M15,"dev=2.5,sl=1.5,tp=1.5",4947,46.836466545381036,-0.0632706690923792,-312.99999999999994
MeanReversion,M15,"dev=2.5,sl=1.5,tp=2.0",4691,39.671711788531226,-0.07432672493427027,-348.66666666666185
MeanReversion,M15,"dev=2.5,sl=1.5,tp=3.0",4511,30.481046331190427,-0.08556861006428633,-385.9999999999956
TrendFollowing,M15,"fast=10,slow=30,sl=1.5,tp=3",4109,28.98515453881723,-0.06297378669892188,-258.75928954587
TrendFollowing,M15,"fast=10,slow=30,sl=1.5,tp=4",4109,24.312484789486493,-0.06341988861036464,-260.5923222999883
TrendFollowing,M15,"fast=10,slow=30,sl=1.5,tp=6",4109,20.369919688488682,-0.02001378675153292,-82.23664976204877
TrendFollowing,M15,"fast=10,slow=30,sl=2.0,tp=3",4109,33.00073010464833,-0.05624331162071256,-231.10376744950793
TrendFollowing,M15,"fast=10,slow=30,sl=2.0,tp=4",4109,27.98734485276223,-0.05612803468799967,-230.63009453299065
TrendFollowing,M15,"fast=10,slow=30,sl=2.0,tp=6",4109,23.60671696276466,-0.0227439869076951,-93.45504220371917
TrendFollowing,M15,"fast=20,slow=50,sl=1.5,tp=3",2314,28.99740708729473,-0.09329785375953184,-215.89123359955667
TrendFollowing,M15,"fast=20,slow=50,sl=1.5,tp=4",2314,24.200518582541054,-0.08571984920772019,-198.35573106666453
TrendFollowing,M15,"fast=20,slow=50,sl=1.5,tp=6",2314,19.101123595505616,-0.06090681935427924,-140.93837998580216
TrendFollowing,M15,"fast=20,slow=50,sl=2.0,tp=3",2314,33.62143474503025,-0.0961320803777134,-222.4496339940288
TrendFollowing,M15,"fast=20,slow=50,sl=2.0,tp=4",2314,28.349178910976665,-0.09264479329454131,-214.38005168356858
TrendFollowing,M15,"fast=20,slow=50,sl=2.0,tp=6",2314,22.774416594641313,-0.07179365671368103,-166.1305216354579
TrendFollowing,M15,"fast=20,slow=100,sl=1.5,tp=3",1566,30.332056194125162,-0.0730803783393959,-114.44387247949398
TrendFollowing,M15,"fast=20,slow=100,sl=1.5,tp=4",1566,25.54278416347382,-0.05131824879074809,-80.3643776063115
TrendFollowing,M15,"fast=20,slow=100,sl=1.5,tp=6",1566,20.306513409961685,-0.009401983764688478,-14.723506575502157
TrendFollowing,M15,"fast=20,slow=100,sl=2.0,tp=3",1566,34.54661558109834,-0.09693285825220706,-151.79685602295626
TrendFollowing,M15,"fast=20,slow=100,sl=2.0,tp=4",1566,29.438058748403577,-0.07840919546661156,-122.7888001007137
TrendFollowing,M15,"fast=20,slow=100,sl=2.0,tp=6",1566,23.563218390804597,-0.04775115109160432,-74.77830260945237
OrderBlock,M15,"sl=1.5,tp=3",3599,20.78355098638511,-0.24126668865872397,-868.3188124827476
OrderBlock,M15,"sl=1.5,tp=4",3303,16.25794732061762,-0.26161967970747874,-864.1298020738022
OrderBlock,M15,"sl=1.5,tp=6",2957,11.430503889076766,-0.27838714330870035,-823.1907827638269
OrderBlock,M15,"sl=2.0,tp=3",3599,20.78355098638511,-0.24126668865872397,-868.3188124827476
OrderBlock,M15,"sl=2.0,tp=4",3303,16.25794732061762,-0.26161967970747874,-864.1298020738022
OrderBlock,M15,"sl=2.0,tp=6",2957,11.430503889076766,-0.27838714330870035,-823.1907827638269
FVG,M30,"margin=0.25,sl=1.5,tp=4",90,15.555555555555555,-0.4296296296296314,-38.66666666666683
FVG,M30,"margin=0.25,sl=1.5,tp=6",87,13.793103448275861,-0.3103448275862096,-27.000000000000238
FVG,M30,"margin=0.25,sl=1.5,tp=8",82,9.75609756097561,-0.38211382113820963,-31.33333333333319
FVG,M30,"margin=0.25,sl=2.0,tp=4",76,21.052631578947366,-0.36842105263158037,-28.000000000000107
FVG,M30,"margin=0.25,sl=2.0,tp=6",67,16.417910447761194,-0.34328358208955684,-23.00000000000031
FVG,M30,"margin=0.25,sl=2.0,tp=8",64,14.0625,-0.2968750000000074,-19.000000000000473
FVG,M30,"margin=0.5,sl=1.5,tp=4",75,21.333333333333336,-0.21777777777777757,-16.333333333333318
FVG,M30,"margin=0.5,sl=1.5,tp=6",71,12.676056338028168,-0.3661971830985924,-26.00000000000006
FVG,M30,"margin=0.5,sl=1.5,tp=8",71,9.859154929577464,-0.3755868544600928,-26.66666666666659
FVG,M30,"margin=0.5,sl=2.0,tp=4",68,26.47058823529412,-0.20588235294117765,-14.00000000000008
FVG,M30,"margin=0.5,sl=2.0,tp=6",63,22.22222222222222,-0.11111111111111156,-7.000000000000028
FVG,M30,"margin=0.5,sl=2.0,tp=8",64,17.1875,-0.1406249999999968,-8.999999999999796
MeanReversion,M30,"dev=1.5,sl=1.0,tp=1.5",6420,36.13707165109034,-0.0965732087227414,-619.9999999999998
MeanReversion,M30,"dev=1.5,sl=1.0,tp=2.0",5971,30.128956623681123,-0.09613130128956658,-574.000000000002
MeanReversion,M30,"dev=1.5,sl=1.0,tp=3.0",5468,23.33577176298464,-0.06656912948061458,-364.0000000000005
MeanReversion,M30,"dev=1.5,sl=1.5,tp=1.5",5126,45.78618806086617,-0.08427623878267655,-432.0
MeanReversion,M30,"dev=1.5,sl=1.5,tp=2.0",4698,38.97403150276714,-0.09060593160209984,-425.66666666666504
MeanReversion,M30,"dev=1.5,sl=1.5,tp=3.0",4223,31.21004025574236,-0.0636987923277295,-269.0000000000017
MeanReversion,M30,"dev=2.0,sl=1.0,tp=1.5",4381,36.293083770828574,-0.09267290572928577,-406.00000000000097
MeanReversion,M30,"dev=2.0,sl=1.0,tp=2.0",4153,30.411750541777028,-0.08764748374668954,-364.00000000000165
MeanReversion,M30,"dev=2.0,sl=1.0,tp=3.0",3948,23.454913880445798,-0.0618034447821679,-243.99999999999886
MeanReversion,M30,"dev=2.0,sl=1.5,tp=1.5",3568,45.936098654708516,-0.08127802690582958,-289.99999999999994
MeanReversion,M30,"dev=2.0,sl=1.5,tp=2.0",3344,39.71291866028708,-0.07336523125996816,-245.33333333333354
MeanReversion,M30,"dev=2.0,sl=1.5,tp=3.0",3119,31.51651170246874,-0.054504648925938294,-170.00000000000153
MeanReversion,M30,"dev=2.5,sl=1.0,tp=1.5",2845,36.02811950790861,-0.09929701230228405,-282.4999999999981
MeanReversion,M30,"dev=2.5,sl=1.0,tp=2.0",2730,30.65934065934066,-0.08021978021977966,-218.99999999999847
MeanReversion,M30,"dev=2.5,sl=1.0,tp=3.0",2666,23.068267066766694,-0.07726931732933218,-205.99999999999957
MeanReversion,M30,"dev=2.5,sl=1.5,tp=1.5",2344,45.69112627986348,-0.08617747440273035,-201.99999999999994
MeanReversion,M30,"dev=2.5,sl=1.5,tp=2.0",2231,39.3993724787091,-0.08068130883012127,-180.00000000000054
MeanReversion,M30,"dev=2.5,sl=1.5,tp=3.0",2152,30.157992565055764,-0.09526022304832775,-205.0000000000013
TrendFollowing,M30,"fast=10,slow=30,sl=1.5,tp=3",2075,28.337349397590362,-0.08069253987434928,-167.43702023927474
TrendFollowing,M30,"fast=10,slow=30,sl=1.5,tp=4",2075,24.048192771084338,-0.07029124881836923,-145.85434129811617
TrendFollowing,M30,"fast=10,slow=30,sl=1.5,tp=6",2075,18.89156626506024,-0.10824865699480005,-224.6159632642101
TrendFollowing,M30,"fast=10,slow=30,sl=2.0,tp=3",2075,32.7710843373494,-0.06988746165610249,-145.01648293641267
TrendFollowing,M30,"fast=10,slow=30,sl=2.0,tp=4",2075,28.19277108433735,-0.06073466227671348,-126.02442422418048
TrendFollowing,M30,"fast=10,slow=30,sl=2.0,tp=6",2075,22.746987951807228,-0.08723531350054504,-181.01327551363096
TrendFollowing,M30,"fast=20,slow=50,sl=1.5,tp=3",1094,32.9981718464351,0.013989155150175627,15.304135734292135
TrendFollowing,M30,"fast=20,slow=50,sl=1.5,tp=4",1094,28.519195612431442,0.05095883144802898,55.7489616041437
TrendFollowing,M30,"fast=20,slow=50,sl=1.5,tp=6",1094,21.6636197440585,0.007750942165935346,8.479530729533268
TrendFollowing,M30,"fast=20,slow=50,sl=2.0,tp=3",1094,38.02559414990859,-0.006856525469911153,-7.501038864082801
TrendFollowing,M30,"fast=20,slow=50,sl=2.0,tp=4",1094,32.9981718464351,0.01631777572550151,17.85164664369865
TrendFollowing,M30,"fast=20,slow=50,sl=2.0,tp=6",1094,25.502742230347348,-0.018534490616710465,-20.276732734681246
TrendFollowing,M30,"fast=20,slow=100,sl=1.5,tp=3",769,28.998699609882966,-0.10447886629011462,-80.34424817709814
TrendFollowing,M30,"fast=20,slow=100,sl=1.5,tp=4",769,25.097529258777634,-0.05316189046129551,-40.88149376473625
TrendFollowing,M30,"fast=20,slow=100,sl=1.5,tp=6",769,19.375812743823147,-0.06073411337169825,-46.70453318283595
TrendFollowing,M30,"fast=20,slow=100,sl=2.0,tp=3",769,37.711313394018205,-0.009303717388477599,-7.154558671739274
TrendFollowing,M30,"fast=20,slow=100,sl=2.0,tp=4",769,32.63979193758127,0.02739973995751961,21.07040002733258
TrendFollowing,M30,"fast=20,slow=100,sl=2.0,tp=6",769,25.8777633289987,0.029863372733003518,22.964933631679706
OrderBlock,M30,"sl=1.5,tp=3",1822,17.45334796926454,-0.3707560540921188,-675.5175305558405
OrderBlock,M30,"sl=1.5,tp=4",1707,14.118336262448741,-0.38155019787871003,-651.306187778958
OrderBlock,M30,"sl=1.5,tp=6",1511,9.9933818663137,-0.3918539778198843,-592.0913604858451
OrderBlock,M30,"sl=2.0,tp=3",1822,17.45334796926454,-0.3707560540921188,-675.5175305558405
OrderBlock,M30,"sl=2.0,tp=4",1707,14.118336262448741,-0.38155019787871003,-651.306187778958
OrderBlock,M30,"sl=2.0,tp=6",1511,9.9933818663137,-0.3918539778198843,-592.0913604858451
