dev,sl,tp,n,pct_tp,avgR_brut,avgR_net,breakeven_spread_pts
1.5,3.0,4.5,46997,41.18986318275635,0.029746579568908575,-0.3105462475996891,0.6119025743648563
1.5,3.0,5.0,41071,38.810839765284506,0.034955727074252756,-0.2940515607297303,0.7437223994428703
1.5,3.5,5.0,36426,42.5300609454785,0.032872908675905775,-0.2446786468930022,0.8290724952330909
1.5,3.5,6.0,27546,38.89130908298846,0.05562124653825769,-0.20587575773193853,1.4889223180755933
2.0,3.0,4.5,48264,41.17976131277971,0.0294940328194918,-0.32723471869964205,0.5787541061863886
2.0,3.0,5.0,42190,38.75799952595402,0.03354665402543934,-0.3146950789160714,0.6743206111299586
2.0,3.5,5.0,38049,42.497831743278404,0.032090199479617755,-0.2626084033394006,0.7622411311372111
2.0,3.5,6.0,30219,38.704126542903474,0.05054057759309421,-0.22693238765993784,1.2750216686120688
2.5,3.0,4.5,45458,41.13027409916846,0.02825685247921078,-0.3455827272295421,0.5290985173602375
2.5,3.0,5.0,41215,38.83052286788791,0.03548060981034319,-0.32786420020252643,0.6835497902491171
2.5,3.5,5.0,36258,42.50372331623366,0.03223328053710296,-0.2756130805295168,0.7329401685241699
2.5,3.5,6.0,29614,38.566218680353884,0.046797364181034244,-0.24543701005464424,1.1209548846675197
3.0,3.0,4.5,36704,41.39058413251961,0.03476460331298916,-0.35329812266907806,0.6270950722594514
3.0,3.0,5.0,34262,39.016986749168176,0.040452979977817445,-0.339282599114748,0.7457053682496672
3.0,3.5,5.0,30823,42.59157122927684,0.03436672985386618,-0.28766034073258917,0.7470400191479483
3.0,3.5,6.0,26069,38.482488779776745,0.04452469545108366,-0.26442743382809064,1.0088063444804836
