tf,dev,sl,tp,hour0_excluded,n,pct_tp,avgR_brut,avgR_net,sumR_net
M1,1.5,1.0,1.5,False,248678,41.519957535447446,0.037998938386187155,-1.1677471738295295,-290393.03169357975
M1,1.5,1.0,2.0,False,224261,35.286563423867726,0.05859690271603131,-1.1352614298108206,-254594.86351080443
M1,1.5,1.5,2.0,False,170343,44.02411604820862,0.027229374458201946,-0.7653232615066031,-130367.4603348193
M1,1.5,1.5,3.0,False,137766,34.80176531219604,0.04405295936588315,-0.7207193776825104,-99290.62578580872
M1,2.0,1.0,1.5,False,179303,41.690880799540444,0.04227201998851112,-1.176123948132365,-210882.55227197747
M1,2.0,1.0,2.0,False,166972,35.43947488201615,0.06318424646048397,-1.145865084407223,-191327.38487364282
M1,2.0,1.5,2.0,False,131376,44.20061502862014,0.03134768400113776,-0.7755200985500583,-101884.72846711247
M1,2.0,1.5,3.0,False,117105,35.00789889415482,0.05023696682464737,-0.7367080722101487,-86272.19879616945
M1,2.5,1.0,1.5,False,121425,41.89664401894173,0.04741610047354379,-1.1814174021538644,-143453.60805653298
M1,2.5,1.0,2.0,False,115455,35.72733965614309,0.07182018968429324,-1.1519898980823582,-133002.99368309867
M1,2.5,1.5,2.0,False,92914,44.473383989495666,0.037712293088231395,-0.7810917160109246,-72574.35570143905
M1,2.5,1.5,3.0,False,87647,35.210560544000366,0.05631681632001299,-0.7512498415146319,-65844.79485923295
M1,3.0,1.0,1.5,False,77820,42.30789000257003,0.05769725006425177,-1.1810696378704002,-91910.83921907455
M1,3.0,1.0,2.0,False,74986,36.09873843117382,0.08296215293521497,-1.1535381042058652,-86499.208281981
M1,3.0,1.5,2.0,False,61590,44.758889430102286,0.04437408670238614,-0.7824348976815918,-48190.16534820924
M1,3.0,1.5,3.0,False,59553,35.630446828875115,0.06891340486625386,-0.753284492376013,-44860.3513744687
M5,1.5,1.0,1.5,False,42193,39.58239518403527,-0.01044012039911811,-0.40716243729104973,-17179.404716621262
M5,1.5,1.0,2.0,False,38232,32.76313036200042,-0.017106089139988533,-0.41048304962619475,-15693.587953308677
M5,1.5,1.5,2.0,False,28954,41.51412585480417,-0.03133706338790329,-0.29143924162050544,-8438.331801880115
M5,1.5,1.5,3.0,False,24362,32.0786470733109,-0.03764058780067338,-0.2919470789161285,-7112.414736554722
M5,2.0,1.0,1.5,False,29336,39.807744750477234,-0.004806381238068625,-0.3955829889439285,-11604.822563659087
M5,2.0,1.0,2.0,False,27516,32.98444541357755,-0.01046663759267422,-0.40197846481636784,-11060.839437887178
M5,2.0,1.5,2.0,False,21669,41.66782038857354,-0.027750857599951505,-0.2891411705797295,-6265.400025292158
M5,2.0,1.5,3.0,False,19847,31.994759913337028,-0.0401572025998905,-0.2991710338053823,-5937.647507935422
M5,2.5,1.0,1.5,False,19046,39.68812349049669,-0.0077969127375824695,-0.3881481046830103,-7392.668801792614
M5,2.5,1.0,2.0,False,18165,32.89843104872007,-0.013047068538398071,-0.39535328559271005,-7181.592432791578
M5,2.5,1.5,2.0,False,14636,41.295435911451214,-0.036439828732805254,-0.29283149488111915,-4285.88175908006
M5,2.5,1.5,3.0,False,14009,32.093654079520306,-0.03719037761439144,-0.2930124858433847,-4104.811914179976
M5,3.0,1.0,1.5,False,11673,39.724149747280045,-0.00689625631799703,-0.3749124163960655,-4376.352636591272
M5,3.0,1.0,2.0,False,11254,33.03714234938688,-0.008885729518393249,-0.37935836400299583,-4269.299028489715
M5,3.0,1.5,2.0,False,9212,41.804168475901,-0.024569402228977695,-0.27374874660499704,-2521.7734537252327
M5,3.0,1.5,3.0,False,8973,32.319179761506746,-0.03042460715479834,-0.2796711116532989,-2509.4888848650507
M15,1.5,1.0,1.5,False,13283,37.9206504554694,-0.0519837386132656,-0.230340605216419,-3059.6142590896934
M15,1.5,1.0,2.0,False,12266,31.62400130441872,-0.051279960867438114,-0.22976359677358474,-2818.2802780247903
M15,1.5,1.5,2.0,False,9539,40.266275290911,-0.060453576545409796,-0.17948115823532176,-1712.0707684067343
M15,1.5,1.5,3.0,False,8486,31.23968889936366,-0.06280933301908932,-0.1819774972326657,-1544.2610415164013
M15,2.0,1.0,1.5,False,9316,37.2584800343495,-0.06853799914126268,-0.2435652476460895,-2269.05384707097
M15,2.0,1.0,2.0,False,8805,31.2549687677456,-0.0623509369676315,-0.23804234314101202,-2095.962831356611
M15,2.0,1.5,2.0,False,7022,40.35887211620621,-0.05829298395518813,-0.17595334243037652,-1235.544370546104
M15,2.0,1.5,3.0,False,6559,31.315749352035372,-0.060527519438937825,-0.1788929929226682,-1173.3591405797806
M15,2.5,1.0,1.5,False,6063,37.34125020616857,-0.06646874484578646,-0.2359454303269153,-1430.5371440720876
M15,2.5,1.0,2.0,False,5824,31.043956043956044,-0.06868131868131759,-0.23875469700056826,-1390.5073553313096
M15,2.5,1.5,2.0,False,4691,39.671711788531226,-0.07432672493427027,-0.1884080803362814,-883.8223048574961
M15,2.5,1.5,3.0,False,4511,30.481046331190427,-0.08556861006428633,-0.19985170229698526,-901.5310290617006
M15,3.0,1.0,1.5,False,3786,36.84627575277338,-0.07884310618066741,-0.24058620874265194,-910.8593862996802
M15,3.0,1.0,2.0,False,3679,30.742049469964666,-0.07773851590106035,-0.23990274989250737,-882.6022168545346
M15,3.0,1.5,2.0,False,3023,39.56334766787959,-0.07685522108280862,-0.18649780151811884,-563.7828539892732
M15,3.0,1.5,3.0,False,2950,30.23728813559322,-0.09288135593220243,-0.20295615742028605,-598.7206643898438
