tp,dev,n,pct_tp,avgR_brut,avgR_net,sumR_net
10.0,0.5,194565,28.294400328938913,-0.009695988487172706,-0.25969598848717274,-50527.75000000676
10.0,1.0,159506,28.417739771544642,-0.005379107995968409,-0.2553791079959684,-40734.50000000494
10.0,1.5,124582,28.500104348942866,-0.002496347787027092,-0.25249634778702706,-31456.50000000341
10.0,2.0,92458,28.40965627636332,-0.005662030327307707,-0.2556620303273077,-23638.000000002216
10.0,2.5,64991,28.371620685941128,-0.006993275992080432,-0.25699327599208044,-16702.2500000013
10.0,3.0,43125,28.575072463768116,0.00012753623186465772,-0.24987246376813535,-10775.750000000837
12.0,0.5,175388,25.140830615549525,0.005633224621928213,-0.24436677537807178,-42859.000000009255
12.0,1.0,145844,25.238611118729604,0.009544444749135957,-0.24045555525086404,-35069.000000007014
12.0,1.5,115566,25.279061315611855,0.011162452624430047,-0.23883754737556995,-27601.500000005115
12.0,2.0,86796,25.161297755656943,0.006451910226237656,-0.24354808977376236,-21139.000000003478
12.0,2.5,61749,25.127532429674975,0.005101297186963847,-0.24489870281303613,-15122.250000002168
12.0,3.0,41257,25.270863126257364,0.010834525050260167,-0.23916547494973986,-9867.250000001417
14.0,0.5,160226,22.611810817220675,0.017531486774896625,-0.23246851322510337,-37247.50000000541
14.0,1.0,134903,22.697790264115696,0.021400561885177156,-0.22859943811482286,-30838.750000003947
14.0,1.5,108254,22.664289541264065,0.019893029356857404,-0.2301069706431426,-24910.000000002758
14.0,2.0,82124,22.518386829672203,0.013327407335226797,-0.2366725926647732,-19436.500000001834
14.0,2.5,58883,22.374878997333695,0.006869554879997089,-0.24313044512000292,-14316.250000001131
14.0,3.0,39613,22.58349531719385,0.016257289273705226,-0.23374271072629474,-9259.250000000713
