window,dev,sl,tp,n,pct_tp,avgR_brut,avgR_net,sumR_net
toute_journee,1.5,2.0,2.5,122365,45.444367261880444,0.022498263392309325,-0.5573705721145702,-68202.65005679938
toute_journee,1.5,2.0,3.0,108295,41.14502054573156,0.02862551364328963,-0.5393863157392224,-58412.84106297909
toute_journee,1.5,2.5,3.0,89081,46.29494505001067,0.01848879110023534,-0.4310575487237958,-38399.037497864454
toute_journee,1.5,2.5,4.0,67015,39.774677311049764,0.034141610087293675,-0.39222639364887035,-26285.051770379047
toute_journee,2.0,2.0,2.5,102641,45.518847244278604,0.024174062996269202,-0.5716695257510337,-58676.73179261185
toute_journee,2.0,2.0,3.0,95291,41.19171800065064,0.029792950016266126,-0.5556072226057027,-52944.36784932001
toute_journee,2.0,2.5,3.0,80597,46.365249326898024,0.020035485191757813,-0.4440559615933272,-35789.57833653739
toute_journee,2.0,2.5,4.0,66208,39.82147172547124,0.03535826486225329,-0.4101087996834118,-27152.48340943933
toute_journee,2.5,2.0,2.5,76549,45.79811623927158,0.0304576153836109,-0.5769138316059547,-44162.17689560422
toute_journee,2.5,2.0,3.0,73793,41.39823560500319,0.03495589012508013,-0.5661844993733397,-41780.45276225686
toute_journee,2.5,2.5,3.0,64456,46.44408588804766,0.02176988953704931,-0.45624078310253996,-29407.455915657316
toute_journee,2.5,2.5,4.0,56809,39.90916932176239,0.037638402365823005,-0.42376926013820654,-24073.907899191374
toute_journee,3.0,2.0,2.5,52355,46.00515710056346,0.03511603476267829,-0.5818123655065675,-30460.78639609634
toute_journee,3.0,2.0,3.0,51474,41.774488091075106,0.04436220227687811,-0.5689159996251621,-29284.382164705596
toute_journee,3.0,2.5,3.0,45994,46.84089229029873,0.030499630386572135,-0.4577654428876678,-21054.463780175392
toute_journee,3.0,2.5,4.0,43071,40.166237143321496,0.044322165726359795,-0.43268269878168436,-18636.076519225928
heures_fortes_4-7_11-12,1.5,2.0,2.5,28349,45.85346925817489,0.03170305830893707,-0.9044459296755859,-25640.137660373184
heures_fortes_4-7_11-12,1.5,2.0,3.0,26133,41.728848582252326,0.043221214556312365,-0.8888377623085196,-23227.997242408543
heures_fortes_4-7_11-12,1.5,2.5,3.0,22400,46.71875,0.027812500000001347,-0.7167245301907933,-16054.62947627377
heures_fortes_4-7_11-12,1.5,2.5,4.0,18791,40.27992123889096,0.047277952211169254,-0.6938776289842924,-13038.654526243838
heures_fortes_4-7_11-12,2.0,2.0,2.5,23120,45.97318339100346,0.03439662629758148,-0.9090696837821947,-21017.69108904434
heures_fortes_4-7_11-12,2.0,2.0,3.0,22065,41.84908225696805,0.04622705642420551,-0.8942305494143465,-19731.197072827556
heures_fortes_4-7_11-12,2.0,2.5,3.0,19164,46.85869338342726,0.03089125443540103,-0.7193507057821269,-13785.63692560868
heures_fortes_4-7_11-12,2.0,2.5,4.0,17165,40.2971162248762,0.04772502184678538,-0.6991788938271039,-12001.405712542237
heures_fortes_4-7_11-12,2.5,2.0,2.5,17326,45.89056908692139,0.03253780445573365,-0.9155763908749638,-15863.276548299622
heures_fortes_4-7_11-12,2.5,2.0,3.0,16935,41.69471508709773,0.042367877177446604,-0.902418755180503,-15282.461618981817
heures_fortes_4-7_11-12,2.5,2.5,3.0,15023,46.62184650203022,0.025680623044664383,-0.7293436408390657,-10956.929516325283
heures_fortes_4-7_11-12,2.5,2.5,4.0,14178,40.2383975172803,0.04619833544929004,-0.704936296436029,-9994.586810870018
heures_fortes_4-7_11-12,3.0,2.0,2.5,12132,46.513353115727,0.04655044510386029,-0.9018162517635074,-10940.834766394872
heures_fortes_4-7_11-12,3.0,2.0,3.0,12007,42.25868243524611,0.05646706088115319,-0.8895571159048715,-10680.912290669792
heures_fortes_4-7_11-12,3.0,2.5,3.0,10783,47.19465825836966,0.03828248168412995,-0.7185656413027426,-7748.2933101674735
heures_fortes_4-7_11-12,3.0,2.5,4.0,10493,40.417421137901464,0.05085294958543807,-0.7052936803235885,-7400.646587635414
heures_fortes_larges_3-8_11-13,1.5,2.0,2.5,48236,45.586284103159464,0.02569139232108803,-0.8141181317449585,-39269.802202849816
heures_fortes_larges_3-8_11-13,1.5,2.0,3.0,44346,41.449059667162764,0.03622649167907061,-0.7986323589315943,-35416.150589180485
heures_fortes_larges_3-8_11-13,1.5,2.5,3.0,37616,46.49883028498512,0.02297426626967361,-0.6421354590394892,-24154.567427229427
heures_fortes_larges_3-8_11-13,1.5,2.5,4.0,31169,39.98524174660721,0.03961628541178932,-0.6172321431096498,-19238.508668584676
heures_fortes_larges_3-8_11-13,2.0,2.0,2.5,39537,45.66861420947467,0.027543819713181882,-0.818632626973657,-32366.278172657476
heures_fortes_larges_3-8_11-13,2.0,2.0,3.0,37599,41.503763397962715,0.03759408494906931,-0.8041986585419527,-30237.06536251888
heures_fortes_larges_3-8_11-13,2.0,2.5,3.0,32445,46.61118816458622,0.025446139620899255,-0.6460001842935996,-20959.47597940584
heures_fortes_larges_3-8_11-13,2.0,2.5,4.0,28497,40.011229252201986,0.040291960557254446,-0.6226489107701685,-17743.626010217493
heures_fortes_larges_3-8_11-13,2.5,2.0,2.5,29589,45.79742471864544,0.030442056169523377,-0.8224520927022053,-24335.534970965553
heures_fortes_larges_3-8_11-13,2.5,2.0,3.0,28886,41.51838260749152,0.03795956518728887,-0.8114300714412724,-23438.969043652596
heures_fortes_larges_3-8_11-13,2.5,2.5,3.0,25529,46.429550707039056,0.02145011555485955,-0.6576851181851378,-16790.043382148382
heures_fortes_larges_3-8_11-13,2.5,2.5,4.0,23777,40.12280775539387,0.04319300164024144,-0.6281642236645114,-14935.860746071088
heures_fortes_larges_3-8_11-13,3.0,2.0,2.5,20630,45.93795443528841,0.0336039747939889,-0.8218193072501839,-16954.132308571294
heures_fortes_larges_3-8_11-13,3.0,2.0,3.0,20395,41.77984800196127,0.044496200049029974,-0.8089927485576004,-16499.40710683226
heures_fortes_larges_3-8_11-13,3.0,2.5,3.0,18260,46.944140197152244,0.032771084337348905,-0.6504964705401097,-11878.065552062404
heures_fortes_larges_3-8_11-13,3.0,2.5,4.0,17642,40.2788799455844,0.047250878585195215,-0.6312821287680385,-11137.079315725734
