dev,sl,tp,n,winrate,avgR,sumR
1.5,1.5,2.0,41656,47.644997119262534,0.1117165994494604,4653.666666666722
1.5,1.5,3.0,32320,40.476485148514854,0.21429455445544734,6926.000000000058
1.5,2.0,3.0,27227,44.92966540566349,0.12324163514158842,3355.500000000028
1.5,2.0,4.0,21868,39.45033839400037,0.18351015182001393,4013.0000000000646
2.0,1.5,2.0,37652,47.81684903856369,0.1157264775664899,4357.333333333478
2.0,1.5,3.0,30206,40.66079586837053,0.21982387605111978,6640.000000000124
2.0,2.0,3.0,25732,44.93626612777864,0.12340665319446624,3175.5000000000055
2.0,2.0,4.0,21267,39.60596228899234,0.18817886866977301,4002.0000000000628
2.5,1.5,2.0,33447,47.78903937572876,0.11507758543367527,3849.000000000137
2.5,1.5,3.0,27879,40.715233688439326,0.2214570106531819,6174.000000000058
2.5,2.0,3.0,23956,44.832192352646516,0.12080480881616228,2893.9999999999836
2.5,2.0,4.0,20281,39.64794635373009,0.18943839061190648,3842.0000000000755
3.0,1.5,2.0,29262,47.89146333128289,0.11746747772993921,3437.3333333334813
3.0,1.5,3.0,25115,40.92773243081824,0.2278319729245519,5722.000000000121
3.0,2.0,3.0,21748,44.96505425786279,0.12412635644656884,2699.499999999979
3.0,2.0,4.0,18906,39.632920765894426,0.18898762297683722,3573.0000000000846
