tf,sl,tp,n,winrate,avgR,sumR,pct_tp,pct_sl,avg_mfe_losers
M1,1.0,2,71609,36.0541272745046,0.08162381823513612,5844.999999999863,36.0541272745046,63.9458727254954,0.8811713363179416
M1,1.0,3,68823,27.791581302762157,0.11166325211048442,7684.999999999869,27.791581302762157,72.20841869723785,1.1519222310729935
M1,1.0,4,66016,22.77932622394571,0.13896631119728176,9173.999999999753,22.77932622394571,77.2206737760543,1.399844331994872
M1,1.0,6,56562,16.79926452388529,0.1759485166719633,9951.999999999587,16.79926452388529,83.2007354761147,1.7929681927558279
M1,1.5,2,57551,44.904519469687756,0.047772120959379404,2749.333333333244,44.904519469687756,55.095480530312244,0.7100736013321789
M1,1.5,3,54751,35.654143303318655,0.0696242990995592,3811.9999999999654,35.654143303318655,64.34585669668134,0.9501470221793042
M1,1.5,4,52002,29.79500788431214,0.09248362242477934,4809.333333333375,29.79500788431214,70.20499211568786,1.155641232572216
M1,1.5,6,43234,22.512374520053662,0.12561872600268342,5431.000000000015,22.512374520053662,77.48762547994635,1.470105451061365
M1,2.0,2,49393,51.531593545644114,0.030631870912882397,1513.0000000000002,51.531593545644114,48.46840645435588,0.6351205588164462
M1,2.0,3,46580,41.88063546586518,0.04701588664663059,2190.0000000000528,41.88063546586518,58.11936453413482,0.8450446814028154
M1,2.0,4,43840,35.583941605839414,0.06751824817518451,2960.0000000000887,35.583941605839414,64.41605839416059,1.0176281490702397
M1,2.0,6,35534,27.534192604266337,0.10136770417065454,3602.000000000038,27.534192604266337,72.46580739573366,1.287600952430081
M5,1.0,2,14840,32.89083557951483,-0.013274932614555889,-197.00000000000938,32.89083557951483,67.10916442048517,0.9121693465335295
M5,1.0,3,14425,24.422876949740036,-0.023084922010399807,-333.0000000000172,24.422876949740036,75.57712305025997,1.1373069839338596
M5,1.0,4,14146,19.496677506008766,-0.02516612469956346,-356.0000000000247,19.496677506008766,80.50332249399123,1.3113036582341333
M5,1.0,6,13354,14.063202036842892,-0.01557585742099922,-208.0000000000236,14.063202036842892,85.9367979631571,1.5519189686286807
M5,1.5,2,11744,41.59570844686649,-0.029433469573115045,-345.6666666666631,41.59570844686649,58.40429155313351,0.6978890642759445
M5,1.5,3,11271,32.02022890604205,-0.039393132818738456,-444.00000000000114,32.02022890604205,67.97977109395794,0.8833921465828357
M5,1.5,4,10946,26.17394482002558,-0.040288689932397356,-441.0000000000215,26.17394482002558,73.82605517997442,1.0219416055111736
M5,1.5,6,10159,19.23417659218427,-0.03829117039079014,-389.00000000003706,19.23417659218427,80.76582340781573,1.2258060069516818
M5,2.0,2,10020,47.98403193612775,-0.040319361277445086,-403.9999999999998,47.98403193612775,52.01596806387225,0.5879230060987151
M5,2.0,3,9557,38.18143768965157,-0.04546405775871261,-434.50000000001637,38.18143768965157,61.81856231034843,0.738280735889925
M5,2.0,4,9200,31.42391304347826,-0.05728260869565339,-527.0000000000111,31.42391304347826,68.57608695652175,0.8533272956800715
M5,2.0,6,8416,23.502851711026615,-0.0598859315589361,-504.00000000000625,23.502851711026615,76.49714828897338,1.0250605267478752
M15,1.0,2,5627,30.940110183046027,-0.07179669450861892,-403.99999999999864,30.940110183046027,69.05988981695397,0.9227378221360836
M15,1.0,3,5475,23.251141552511413,-0.06995433789954501,-383.0000000000089,23.251141552511413,76.74885844748859,1.120154297711331
M15,1.0,4,5375,19.032558139534885,-0.04837209302325867,-260.00000000001535,19.032558139534885,80.96744186046512,1.2693932127685112
M15,1.0,6,5093,14.117416061260554,-0.0117808757117642,-60.00000000001507,14.117416061260554,85.88258393873944,1.4821494149590249
M15,1.5,2,4472,39.95974955277281,-0.06760584376863342,-302.33333333332865,39.95974955277281,60.040250447227194,0.698552980322089
M15,1.5,3,4296,31.21508379888268,-0.06354748603351836,-272.9999999999948,31.21508379888268,68.78491620111731,0.8496046944445013
M15,1.5,4,4196,25.619637750238322,-0.060613282491260245,-254.333333333328,25.619637750238322,74.38036224976167,0.9874291790110784
M15,1.5,6,3850,19.2987012987013,-0.03506493506493415,-134.99999999999648,19.2987012987013,80.7012987012987,1.1538511263781754
M15,2.0,2,3842,46.92868297761583,-0.0614263404476835,-236.0,46.92868297761583,53.07131702238418,0.5551033619320049
M15,2.0,3,3660,37.15846994535519,-0.07103825136612046,-260.0000000000009,37.15846994535519,62.841530054644814,0.6867308298865558
M15,2.0,4,3535,31.428571428571427,-0.05714285714285729,-202.0000000000005,31.428571428571427,68.57142857142857,0.7981909200768876
M15,2.0,6,3183,23.87684574300974,-0.044926170279610156,-142.99999999999912,23.87684574300974,76.12315425699026,0.937097386706317
