tf,sl,tp,atr_mean,spread_cost_R,avgR_net,n,winrate,avgR,sumR,pct_tp
M1,1.0,2,11.00413781658966,0.6361243485561325,-0.6104329331317042,20863,34.18971384748119,0.025691415424428363,535.9999999998489,34.18971384748119
M1,1.0,3,11.00413781658966,0.6361243485561325,-0.5979197255564774,20809,25.955115574991588,0.038204622999655054,794.9999999998221,25.955115574991588
M1,1.0,4,11.00413781658966,0.6361243485561325,-0.6048833881858777,20742,20.624819207405267,0.031240960370254776,647.9999999998246,20.624819207405267
M1,1.0,6,11.00413781658966,0.6361243485561325,-0.6120894608015429,20179,14.629069825065663,0.02403488775458966,484.9999999998647,14.629069825065663
M1,1.5,2,11.00413781658966,0.4240828990374217,-0.4251610133175358,20406,42.8109379594237,-0.0010781142801141036,-22.0000000000084,42.8109379594237
M1,1.5,3,11.00413781658966,0.4240828990374217,-0.4162046184721536,20309,33.59594268550889,0.007878280565268063,160.0000000000291,33.59594268550889
M1,1.5,4,11.00413781658966,0.4240828990374217,-0.41998257332606376,20161,27.38455433758246,0.004100325711357926,82.66666666668715,27.38455433758246
M1,1.5,6,11.00413781658966,0.4240828990374217,-0.424859497535998,19315,19.984468030028477,-0.0007765984985763192,-15.000000000001606,19.984468030028477
M1,2.0,2,11.00413781658966,0.31806217427806627,-0.3247978734838569,19894,49.663215039710465,-0.006735699205790668,-133.99999999999955,49.663215039710465
M1,2.0,3,11.00413781658966,0.31806217427806627,-0.3211778336326433,19739,39.87537362581691,-0.0031156593545770502,-61.49999999999639,39.87537362581691
M1,2.0,4,11.00413781658966,0.31806217427806627,-0.3288988031106906,19471,32.9721123722459,-0.010836628832624335,-211.00000000002842,32.9721123722459
M1,2.0,6,11.00413781658966,0.31806217427806627,-0.33821248470176635,18362,24.496242239407472,-0.020150310423700073,-369.99999999998073,24.496242239407472
M5,1.0,2,27.004972380265855,0.259211522286737,-0.2791458562454623,4264,32.668855534709195,-0.019934333958725278,-85.00000000000459,32.668855534709195
M5,1.0,3,27.004972380265855,0.259211522286737,-0.2867733597425713,4245,24.31095406360424,-0.027561837455834282,-117.00000000001653,24.31095406360424
M5,1.0,4,27.004972380265855,0.259211522286737,-0.2935717118602009,4220,19.312796208530806,-0.03436018957346392,-145.00000000001774,19.312796208530806
M5,1.0,6,27.004972380265855,0.259211522286737,-0.2812828295872501,4123,13.970409895707009,-0.02207130730051309,-91.00000000001546,13.970409895707009
M5,1.5,2,27.004972380265855,0.17280768152449133,-0.22114944656102772,4151,40.78535292700554,-0.0483417650365364,-200.6666666666626,40.78535292700554
M5,1.5,3,27.004972380265855,0.17280768152449133,-0.2295762404764572,4122,31.4410480349345,-0.056768558951965864,-234.0000000000033,31.4410480349345
M5,1.5,4,27.004972380265855,0.17280768152449133,-0.2239891057743503,4077,25.876870247731176,-0.05118142424985897,-208.666666666675,25.876870247731176
M5,1.5,6,27.004972380265855,0.17280768152449133,-0.20157550229842433,3928,19.424643584521384,-0.028767820773932994,-113.0000000000088,19.424643584521384
M5,2.0,2,27.004972380265855,0.1296057611433685,-0.2011581255900137,4039,46.42238177766774,-0.0715523644466452,-288.99999999999994,46.42238177766774
M5,2.0,3,27.004972380265855,0.1296057611433685,-0.20516242864399492,3997,36.97773329997498,-0.07555666750062641,-302.00000000000375,36.97773329997498
M5,2.0,4,27.004972380265855,0.1296057611433685,-0.19578036027800988,3929,31.12751336217867,-0.0661745991346414,-260.000000000006,31.12751336217867
M5,2.0,6,27.004972380265855,0.1296057611433685,-0.1740797957638759,3755,23.88814913448735,-0.04447403462050739,-167.00000000000526,23.88814913448735
M15,1.0,2,50.485673890914285,0.13865319526337477,-0.19615670157473583,1426,31.416549789621318,-0.05750350631136106,-82.00000000000087,31.416549789621318
M15,1.0,3,50.485673890914285,0.13865319526337477,-0.1956553064526786,1421,23.57494722026742,-0.05700211118930381,-81.00000000000071,23.57494722026742
M15,1.0,4,50.485673890914285,0.13865319526337477,-0.15770753541863444,1417,19.618913196894848,-0.019054340155259666,-27.00000000000295,19.618913196894848
M15,1.0,6,50.485673890914285,0.13865319526337477,-0.12284859756222838,1392,14.511494252873563,0.015804597701146398,21.999999999995786,14.511494252873563
M15,1.5,2,50.485673890914285,0.09243546350891652,-0.16917407262162484,1390,39.568345323741006,-0.07673860911270833,-106.66666666666457,39.568345323741006
M15,1.5,3,50.485673890914285,0.09243546350891652,-0.17353611521057888,1381,30.62997827661115,-0.08110065170166238,-111.99999999999574,30.62997827661115
M15,1.5,4,50.485673890914285,0.09243546350891652,-0.14369882599676678,1372,25.87463556851312,-0.05126336248785026,-70.33333333333056,25.87463556851312
M15,1.5,6,50.485673890914285,0.09243546350891652,-0.13222123244540948,1307,19.204284621270084,-0.03978576893649296,-51.9999999999963,19.204284621270084
M15,2.0,2,50.485673890914285,0.06932659763168739,-0.17058306474181306,1353,44.93717664449372,-0.10125646711012569,-137.00000000000006,44.93717664449372
M15,2.0,3,50.485673890914285,0.06932659763168739,-0.17141303578369893,1342,35.91654247391952,-0.10208643815201156,-136.99999999999952,35.91654247391952
M15,2.0,4,50.485673890914285,0.06932659763168739,-0.1422589284587542,1330,30.902255639097742,-0.07293233082706681,-96.99999999999885,30.902255639097742
M15,2.0,6,50.485673890914285,0.06932659763168739,-0.14354846514964464,1253,23.144453312051077,-0.07422186751795726,-93.00000000000044,23.144453312051077
