tf,sl,tp,window,atr_filter,n,pct_tp,avgR_brut,avgR_net,sumR_net
M1,1.0,4,toute_journee,1.0,39690,23.6029226505417,0.18014613252708278,-0.6982685230130483,-27714.277678387887
M1,1.0,4,toute_journee,1.3,19557,25.9600143171243,0.298000715856213,-0.4144612273634844,-8105.6182235476645
M1,1.0,4,toute_journee,1.6,10230,29.56989247311828,0.4784946236559097,-0.04297472088308236,-439.63139463393253
M1,1.0,4,toute_journee,2.0,5248,37.099847560975604,0.8549923780487787,0.4840375335795114,2540.228976225276
M1,1.0,4,14h-21h,1.0,10767,19.986997306584936,-0.0006501346707570564,-0.4420791884100726,-4759.8666216112515
M1,1.0,4,14h-21h,1.3,4422,20.194482134780642,0.009724106739032453,-0.3566520385929964,-1577.11531465823
M1,1.0,4,14h-21h,1.6,2282,20.46450482033304,0.023225241016649148,-0.2958912749545199,-675.2238894462143
M1,1.0,4,14h-21h,2.0,1102,20.054446460980035,0.0027223230490045582,-0.2997251076452393,-330.2970686250537
M1,1.0,4,7h-14h,1.0,19080,21.60377358490566,0.08018867924528933,-0.7756428824253013,-14799.26619667475
M1,1.0,4,7h-14h,1.3,10172,21.460872984663784,0.07304364923319123,-0.6417445374305936,-6527.825434743998
M1,1.0,4,7h-14h,1.6,5346,20.838009726898616,0.041900486344930384,-0.5171851211621603,-2764.871657732909
M1,1.0,4,7h-14h,2.0,2475,20.686868686868685,0.034343434343431505,-0.3877592463793828,-959.7041347889725
M1,1.0,4,6h-14h,1.0,22514,21.728702140890114,0.08643510704451128,-0.8672520414911088,-19525.312462130823
M1,1.0,4,6h-14h,1.3,12213,21.575370506836975,0.07876852534185,-0.7424055190756469,-9066.998604470875
M1,1.0,4,6h-14h,1.6,6162,21.048360921778645,0.052418046088924544,-0.5945812646993854,-3663.809753077613
M1,1.0,4,6h-14h,2.0,2664,21.17117117117117,0.05855855855855454,-0.4079390787026855,-1086.749705663954
M1,1.0,4,13h-20h,1.0,14263,20.262216924910607,0.01311084624553235,-0.47190475670377324,-6730.777544865918
M1,1.0,4,13h-20h,1.3,7322,20.376946189565693,0.018847309478286424,-0.3905580475873541,-2859.6660244346067
M1,1.0,4,13h-20h,1.6,4559,20.223733274840974,0.011186663742045468,-0.3437160807810711,-1567.0016122809031
M1,1.0,4,13h-20h,2.0,2519,20.246129416435092,0.01230647082175474,-0.3202753229194359,-806.773538434059
M1,1.0,6,toute_journee,1.0,35430,17.6150155235676,0.23305108664973,-0.599722263200953,-21248.159785209766
M1,1.0,6,toute_journee,1.3,17893,19.733974179846868,0.38137819258927796,-0.296208386128829,-5300.056653003137
M1,1.0,6,toute_journee,1.6,9636,23.63013698630137,0.6541095890410952,0.15545577467506072,1497.9718447688851
M1,1.0,6,toute_journee,2.0,5070,31.104536489151872,1.1773175542406338,0.8162832662131084,4138.55615970046
M1,1.0,6,14h-21h,1.0,10576,14.324886535552196,0.002742057488646216,-0.4381598259159381,-4633.9783188869615
M1,1.0,6,14h-21h,1.3,4406,14.207898320472085,-0.005447117566956705,-0.37195829047220375,-1638.8482278205297
M1,1.0,6,14h-21h,1.6,2277,14.668423364075538,0.026789635485283,-0.2923654904606123,-665.7162217788142
M1,1.0,6,14h-21h,2.0,1100,15.454545454545453,0.08181818181818212,-0.22065522417266467,-242.72074658993114
M1,1.0,6,7h-14h,1.0,18774,15.793118142111432,0.10551826994780955,-0.7511283818626538,-14101.684241089464
M1,1.0,6,7h-14h,1.3,10117,15.54808737768113,0.08836611643767864,-0.6277112915192757,-6350.5551363005125
M1,1.0,6,7h-14h,1.6,5326,15.396169733383402,0.07773188133683724,-0.4822992544506501,-2568.7258292041624
M1,1.0,6,7h-14h,2.0,2467,15.03850830968788,0.052695581678153226,-0.3698178140374213,-912.3405472303184
M1,1.0,6,6h-14h,1.0,22176,15.71518759018759,0.10006313131314008,-0.8551741535100901,-18964.342028239756
M1,1.0,6,6h-14h,1.3,12148,15.352321369772802,0.07466249588409724,-0.7475667521514384,-9081.440905135674
M1,1.0,6,6h-14h,1.6,6140,15.309446254071663,0.07166123778500948,-0.5761897769674563,-3537.805230580182
M1,1.0,6,6h-14h,2.0,2656,15.135542168674698,0.05948795180723204,-0.4075248938649441,-1082.3861181052916
M1,1.0,6,13h-20h,1.0,14010,14.889364739471805,0.04225553176302775,-0.4429014007292623,-6205.048624216965
M1,1.0,6,13h-20h,1.3,7282,14.940950288382313,0.045866520186763196,-0.36386778044211204,-2649.68517717946
M1,1.0,6,13h-20h,1.6,4543,14.769975786924938,0.033898305084742425,-0.32117654417822555,-1459.1050402016788
M1,1.0,6,13h-20h,2.0,2513,15.200955033824116,0.0640668523676902,-0.268552715573713,-674.8729742367408
M1,1.5,3,toute_journee,1.0,33027,36.515578163320924,0.09546734489963017,-0.5041933522254848,-16651.993843951084
M1,1.5,3,toute_journee,1.3,16428,38.96396396396396,0.1689189189189205,-0.315681493548686,-5186.015576017814
M1,1.5,3,toute_journee,1.6,8691,42.76838108387987,0.2830514325164002,-0.07061142481024017,-613.6838930257974
M1,1.5,3,toute_journee,2.0,4541,50.84783087425677,0.5254349262277057,0.27865291144705273,1265.3628708810663
M1,1.5,3,14h-21h,1.0,8624,32.95454545454545,-0.011363636363636838,-0.3089657158568254,-2664.5203335492624
M1,1.5,3,14h-21h,1.3,3561,33.24908733501825,-0.0025273799494532003,-0.2500863382101105,-890.5574503662035
M1,1.5,3,14h-21h,1.6,1847,33.29723876556579,-0.001082837033027724,-0.21689736807141088,-400.60943882789593
M1,1.5,3,14h-21h,2.0,888,34.234234234234236,0.027027027027026813,-0.17682814382890033,-157.0233917200635
M1,1.5,3,7h-14h,1.0,15405,34.177215189873415,0.0253164556962062,-0.549999193282713,-8472.737572520193
M1,1.5,3,7h-14h,1.3,8240,34.35679611650485,0.030703883495148583,-0.4505629952294806,-3712.6390806909203
M1,1.5,3,7h-14h,1.6,4334,33.8486386709737,0.015459160129214635,-0.36360250531107197,-1575.853258018186
M1,1.5,3,7h-14h,2.0,2013,34.575260804769,0.037257824143075,-0.2473640076961849,-497.94374749242024
M1,1.5,3,6h-14h,1.0,18167,34.276435294765236,0.028293058842960676,-0.6124096678744413,-11125.646436274976
M1,1.5,3,6h-14h,1.3,9882,34.45658773527626,0.033697632058290634,-0.5186291593444861,-5125.093352642211
M1,1.5,3,6h-14h,1.6,5005,33.946053946053944,0.01838161838162152,-0.4200715068974442,-2102.457892021708
M1,1.5,3,6h-14h,2.0,2170,35.2073732718894,0.05622119815668647,-0.25903994140559367,-562.1166728501382
M1,1.5,3,13h-20h,1.0,11476,33.04287208086441,-0.00871383757406771,-0.3362929227974864,-3859.297582023954
M1,1.5,3,13h-20h,1.3,5902,33.17519484920366,-0.004744154523890752,-0.28216236228817065,-1665.3222622247831
M1,1.5,3,13h-20h,1.6,3672,33.33333333333333,2.9025438552291675e-16,-0.24061827450978718,-883.5503039999385
M1,1.5,3,13h-20h,2.0,2027,34.82979773063641,0.044893931919092474,-0.1790756739877581,-362.98639117318567
M5,1.0,4,toute_journee,1.0,9720,19.393004115226336,-0.030349794238682965,-0.30612178807626395,-2975.5037801012854
M5,1.0,4,toute_journee,1.3,6465,19.412219644238206,-0.02938901778809095,-0.2688545248066116,-1738.144502874744
M5,1.0,4,toute_journee,1.6,4085,19.020807833537333,-0.04895960832313342,-0.25491770083504356,-1041.338807911153
M5,1.0,4,toute_journee,2.0,2140,18.97196261682243,-0.05140186915887889,-0.23682991180797558,-506.81601126906776
M5,1.0,4,14h-21h,1.0,4207,18.564297599239364,-0.07178512003803056,-0.26688569483291985,-1122.7881181620937
M5,1.0,4,14h-21h,1.3,3171,19.394512771996215,-0.030274361400190075,-0.21477024650566165,-681.0364516694531
M5,1.0,4,14h-21h,1.6,2309,19.359029883066263,-0.03204850584668668,-0.20916953638233923,-482.9724595068213
M5,1.0,4,14h-21h,2.0,1341,19.83594332587621,-0.00820283370619206,-0.1793102784087519,-240.45508334613632
M5,1.0,4,7h-14h,1.0,5269,20.02277472006073,0.0011387360030350548,-0.3489143955414345,-1838.4299501078183
M5,1.0,4,7h-14h,1.3,3209,19.507634777189157,-0.0246182611405449,-0.3266760852896567,-1048.3035576945083
M5,1.0,4,7h-14h,1.6,1764,18.537414965986397,-0.07312925170068393,-0.32427872318814777,-572.0276677038927
M5,1.0,4,7h-14h,2.0,825,18.06060606060606,-0.09696969696969775,-0.31261380058644317,-257.9063854838156
M5,1.0,4,6h-14h,1.0,5304,20.060331825037707,0.003016591251884329,-0.347527597688083,-1843.2863781375922
M5,1.0,4,6h-14h,1.3,3215,19.533437013996892,-0.023328149300158137,-0.3253415148273612,-1045.9729701699662
M5,1.0,4,6h-14h,1.6,1768,18.608597285067873,-0.0695701357466099,-0.3206545507932919,-566.9172458025402
M5,1.0,4,6h-14h,2.0,826,18.159806295399516,-0.09200968523002515,-0.30752945097739665,-254.01932650732965
M5,1.0,4,13h-20h,1.0,5610,19.055258467023172,-0.047237076648840866,-0.2682416475643902,-1504.835642836229
M5,1.0,4,13h-20h,1.3,4442,19.495722647456102,-0.02521386762719726,-0.23306123998386757,-1035.2580280083398
M5,1.0,4,13h-20h,1.6,3260,18.98773006134969,-0.05061349693251541,-0.2453988941659907,-800.0003949811297
M5,1.0,4,13h-20h,2.0,1841,19.17436175991309,-0.04128191200434651,-0.22557528269851013,-415.28409544795716
M5,1.0,6,toute_journee,1.0,9372,13.764404609475031,-0.0364916773367483,-0.3111889108006592,-2916.462472023778
M5,1.0,6,toute_journee,1.3,6332,13.692356285533796,-0.041535060012635676,-0.28041630521130945,-1775.5960445980113
M5,1.0,6,toute_journee,1.6,4032,13.392857142857142,-0.06250000000000179,-0.2684903066494537,-1082.5529164105974
M5,1.0,6,toute_journee,2.0,2120,13.443396226415095,-0.058962264150944285,-0.24445982728784532,-518.2548338502321
M5,1.0,6,14h-21h,1.0,4111,13.13549014838239,-0.08051568961323162,-0.27490988216527107,-1130.1545255814294
M5,1.0,6,14h-21h,1.3,3132,13.63346104725415,-0.04565772669220964,-0.22996226204410491,-720.2418047221366
M5,1.0,6,14h-21h,1.6,2295,13.4640522875817,-0.057516339869279856,-0.23464684086412116,-538.514499783158
M5,1.0,6,14h-21h,2.0,1332,13.73873873873874,-0.03828828828828909,-0.20954014863634327,-279.1074779836092
M5,1.0,6,7h-14h,1.0,5206,14.195159431425278,-0.006338839800232471,-0.3559761790144372,-1853.21198794916
M5,1.0,6,7h-14h,1.3,3197,13.794182045667814,-0.03440725680325685,-0.3362990131969861,-1075.1479451907644
M5,1.0,6,7h-14h,1.6,1763,13.045944412932501,-0.08678389109473376,-0.337758360705187,-595.4679899232447
M5,1.0,6,7h-14h,2.0,825,13.333333333333334,-0.06666666666667287,-0.2823107702834182,-232.90638548382003
M5,1.0,6,6h-14h,1.0,5238,14.280259641084383,-0.0003818251240943489,-0.3505186396773767,-1836.016634630099
M5,1.0,6,6h-14h,1.3,3203,13.830783640337183,-0.03184514517640078,-0.33369258746994135,-1068.817357666222
M5,1.0,6,6h-14h,1.6,1767,13.129598189020939,-0.08092812676854283,-0.33183789927667895,-586.3575680218917
M5,1.0,6,6h-14h,2.0,826,13.438256658595641,-0.05932203389831142,-0.2748417996456829,-227.01932650733409
M5,1.0,6,13h-20h,1.0,5506,13.439883763167455,-0.05920813657827661,-0.27985999997267147,-1540.9091598495293
M5,1.0,6,13h-20h,1.3,4390,13.644646924829157,-0.044874715261959415,-0.2526382379565499,-1109.081864629254
M5,1.0,6,13h-20h,1.6,3239,13.30657610373572,-0.06853967273849813,-0.2633794218120462,-853.0859472492177
M5,1.0,6,13h-20h,2.0,1830,13.497267759562842,-0.055191256830600326,-0.23964143801023072,-438.5438315587222
M5,1.5,3,toute_journee,1.0,7759,31.782446191519526,-0.04652661425441413,-0.2310462391599637,-1792.6877696421584
M5,1.5,3,toute_journee,1.3,5184,31.42361111111111,-0.057291666666666886,-0.21859008090880921,-1133.170979431267
M5,1.5,3,toute_journee,1.6,3273,31.347387717690196,-0.059578368469294964,-0.19847182209213837,-649.5982737075689
M5,1.5,3,toute_journee,2.0,1712,31.308411214953267,-0.06074766355140328,-0.18581235278970806,-318.1107479759802
M5,1.5,3,14h-21h,1.0,3323,30.66506169124285,-0.0800481492627157,-0.21094856081826735,-700.9820675991024
M5,1.5,3,14h-21h,1.3,2521,31.336771122570404,-0.05989686632288843,-0.18391862213279933,-463.6588463967871
M5,1.5,3,14h-21h,1.6,1833,30.9328968903437,-0.07201309328969115,-0.1909434131250353,-349.9992762581897
M5,1.5,3,14h-21h,2.0,1081,31.452358926919523,-0.05642923219241523,-0.17127580361024933,-185.1491437026795
M5,1.5,3,7h-14h,1.0,4243,32.85411265613952,-0.01437662031581342,-0.24734365901490918,-1049.4791452002596
M5,1.5,3,7h-14h,1.3,2620,31.94656488549618,-0.0416030534351142,-0.24393581157920963,-639.1118263375292
M5,1.5,3,7h-14h,1.6,1453,32.34686854783207,-0.02959394356503709,-0.1983880274856018,-288.2578039365794
M5,1.5,3,7h-14h,2.0,680,33.088235294117645,-0.007352941176472657,-0.15231560793333251,-103.5746133946661
M5,1.5,3,6h-14h,1.0,4271,32.91969093889019,-0.012409271833293222,-0.2457153098587108,-1049.4500884065537
M5,1.5,3,6h-14h,1.3,2624,31.97408536585366,-0.04077743902438986,-0.24307117329256978,-637.818758719703
M5,1.5,3,6h-14h,1.6,1457,32.395332875772134,-0.02814001372683521,-0.19687773232830785,-286.8508560023445
M5,1.5,3,6h-14h,2.0,681,33.186490455212926,-0.0044052863436144,-0.14926564964807942,-101.64990741034208
M5,1.5,3,13h-20h,1.0,4469,31.19266055045872,-0.06422018348624009,-0.21323414802050386,-952.9434075036318
M5,1.5,3,13h-20h,1.3,3557,31.31852684846781,-0.06044419454596688,-0.20107218046521724,-715.2137459147777
M5,1.5,3,13h-20h,1.6,2606,30.583269378357635,-0.0825019186492732,-0.21386445243495858,-557.3307630455021
M5,1.5,3,13h-20h,2.0,1475,30.64406779661017,-0.08067796610169674,-0.204681758387719,-301.9055936218855
M15,1.0,4,toute_journee,1.0,2999,19.073024341447148,-0.046348782927642586,-0.17474289217408956,-524.0539336300945
M15,1.0,4,toute_journee,1.3,1371,20.568927789934357,0.028446389496718995,-0.0819498543609985,-112.35325032892894
M15,1.0,4,toute_journee,1.6,436,20.412844036697248,0.020642201834868104,-0.07279509790773157,-31.73866268777097
M15,1.0,4,toute_journee,2.0,103,16.50485436893204,-0.17475728155339354,-0.251208818118438,-25.87450826619911
M15,1.0,4,14h-21h,1.0,2137,18.203088441740757,-0.0898455779129588,-0.21507053357965286,-459.60573025971814
M15,1.0,4,14h-21h,1.3,1036,19.98069498069498,-0.0009652509652470662,-0.11488070992321275,-119.01641548044842
M15,1.0,4,14h-21h,1.6,279,17.562724014336915,-0.12186379928314454,-0.2233059689546274,-62.30236533834105
M15,1.0,4,14h-21h,2.0,51,11.76470588235294,-0.41176470588234415,-0.5023330245459607,-25.618984251843997
M15,1.0,4,7h-14h,1.0,606,21.947194719471945,0.09735973597358745,-0.05561326769205934,-33.70164022138796
M15,1.0,4,7h-14h,1.3,127,25.196850393700785,0.25984251968503236,0.1334824728775364,16.952274055447123
M15,1.0,4,7h-14h,1.6,27,25.925925925925924,0.2962962962963034,0.17925957734581088,4.840008588336894
M15,1.0,4,7h-14h,2.0,2,0.0,-1.0,-1.0583588527051502,-2.1167177054103004
M15,1.0,4,6h-14h,1.0,618,22.006472491909385,0.10032362459546033,-0.05256555794864794,-32.48551481226443
M15,1.0,4,6h-14h,1.3,134,23.88059701492537,0.19402985074626225,0.06904266996240163,9.251717774961818
M15,1.0,4,6h-14h,1.6,27,25.925925925925924,0.2962962962963034,0.17925957734581088,4.840008588336894
M15,1.0,4,6h-14h,2.0,2,0.0,-1.0,-1.0583588527051502,-2.1167177054103004
M15,1.0,4,13h-20h,1.0,2327,19.338203695745595,-0.033089815212719864,-0.16367357808182775,-380.8684161964132
M15,1.0,4,13h-20h,1.3,1036,21.235521235521233,0.061776061776063776,-0.054121501758119014,-56.0698758214113
M15,1.0,4,13h-20h,1.6,269,18.95910780669145,-0.0520446096654177,-0.15551414619244847,-41.833305325768634
M15,1.0,4,13h-20h,2.0,41,9.75609756097561,-0.5121951219512086,-0.603066958690871,-24.725745306325713
M15,1.0,6,toute_journee,1.0,2871,14.245907349355624,-0.002786485545108076,-0.1306755822963109,-375.1695967727086
M15,1.0,6,toute_journee,1.3,1332,15.840840840840842,0.10885885885885839,-0.001226111279170991,-1.63318022385576
M15,1.0,6,toute_journee,1.6,434,15.898617511520738,0.1129032258064537,0.01932712353714589,8.387971615121316
M15,1.0,6,toute_journee,2.0,101,12.871287128712872,-0.09900990099010014,-0.17572152438916655,-17.74787396330582
M15,1.0,6,14h-21h,1.0,2086,13.518696069031638,-0.05369127516778461,-0.17848363582532903,-372.31686433163634
M15,1.0,6,14h-21h,1.3,1023,14.760508308895407,0.03323558162267892,-0.0804116459490196,-82.26111380584706
M15,1.0,6,14h-21h,1.6,279,12.903225806451612,-0.09677419354838179,-0.19821636321986466,-55.30236533834224
M15,1.0,6,14h-21h,2.0,51,7.8431372549019605,-0.4509803921568583,-0.5415487108204747,-27.61898425184421
M15,1.0,6,7h-14h,1.0,602,15.946843853820598,0.11627906976743164,-0.03680558633050848,-22.156962970966106
M15,1.0,6,7h-14h,1.3,127,21.25984251968504,0.48818897637794545,0.3618289295704492,45.95227405544705
M15,1.0,6,7h-14h,1.6,27,22.22222222222222,0.5555555555555544,0.43851883660506197,11.840008588336673
M15,1.0,6,7h-14h,2.0,2,0.0,-1.0,-1.0583588527051502,-2.1167177054103004
M15,1.0,6,6h-14h,1.0,614,15.798045602605862,0.10586319218240073,-0.04713491459583527,-28.940837561842855
M15,1.0,6,6h-14h,1.3,134,20.149253731343283,0.41044776119402315,0.2854605804101625,38.251717774961776
M15,1.0,6,6h-14h,1.6,27,22.22222222222222,0.5555555555555544,0.43851883660506197,11.840008588336673
M15,1.0,6,6h-14h,2.0,2,0.0,-1.0,-1.0583588527051502,-2.1167177054103004
M15,1.0,6,13h-20h,1.0,2272,14.040492957746478,-0.01716549295774843,-0.1471678340894676,-334.3653190512704
M15,1.0,6,13h-20h,1.3,1025,15.902439024390244,0.11317073170731597,-0.0024664462396875235,-2.5281073956797115
M15,1.0,6,13h-20h,1.6,269,13.754646840148698,-0.0371747211895868,-0.14064425771661757,-37.83330532577013
M15,1.0,6,13h-20h,2.0,41,4.878048780487805,-0.6585365853658497,-0.7494084221055122,-30.725745306325997
M15,1.5,3,toute_journee,1.0,2418,31.5136476426799,-0.05459057071960176,-0.14067535378478557,-340.15300545161153
M15,1.5,3,toute_journee,1.3,1110,33.96396396396396,0.018918918918918996,-0.054908848438889706,-60.94882176716757
M15,1.5,3,toute_journee,1.6,357,35.294117647058826,0.05882352941176417,-0.002807600320025402,-1.0023133142490686
M15,1.5,3,toute_journee,2.0,89,37.07865168539326,0.11235955056180015,0.061072889530948526,5.435487168254419
M15,1.5,3,14h-21h,1.0,1691,30.455351862803077,-0.0863394441159074,-0.17048667137686974,-288.29296129828674
M15,1.5,3,14h-21h,1.3,834,33.69304556354916,0.010791366906474661,-0.06535617670666671,-54.507051373360035
M15,1.5,3,14h-21h,1.6,222,31.98198198198198,-0.04054054054054327,-0.10711152460612838,-23.7787584625605
M15,1.5,3,14h-21h,2.0,41,31.70731707317073,-0.04878048780487492,-0.11049005764715186,-4.530092363533226
M15,1.5,3,7h-14h,1.0,517,33.07543520309478,-0.007736943907154701,-0.1104761730679337,-57.116181476121724
M15,1.5,3,7h-14h,1.3,111,36.03603603603604,0.08108108108108081,-0.004412175584289571,-0.48975148985614236
M15,1.5,3,7h-14h,1.6,23,43.47826086956522,0.3043478260869653,0.22426574362154475,5.1581121032955295
M15,1.5,3,7h-14h,2.0,2,50.0,0.5,0.46109409819656644,0.9221881963931329
M15,1.5,3,6h-14h,1.0,527,33.206831119544596,-0.003795066413660454,-0.10644588958355668,-56.09698381053437
M15,1.5,3,6h-14h,1.3,115,34.78260869565217,0.043478260869564786,-0.041553406578929274,-4.778641756576866
M15,1.5,3,6h-14h,1.6,23,43.47826086956522,0.3043478260869653,0.22426574362154475,5.1581121032955295
M15,1.5,3,6h-14h,2.0,2,50.0,0.5,0.46109409819656644,0.9221881963931329
M15,1.5,3,13h-20h,1.0,1859,32.060247444862824,-0.03819257665411421,-0.1263141154581148,-234.8179406366354
M15,1.5,3,13h-20h,1.3,833,35.414165666266506,0.062424969987995335,-0.015312107116571968,-12.754985228104449
M15,1.5,3,13h-20h,1.6,212,34.43396226415094,0.03301886792452612,-0.035667044210838855,-7.561413372697837
M15,1.5,3,13h-20h,2.0,32,28.125,-0.15624999999999833,-0.21819507147944578,-6.982242287342265
