margin,sl,tp,n,winrate,avgR,sumR
0.0,1.0,3,1324,20.619335347432024,-0.17522658610271857,-231.99999999999937
0.0,1.0,4,1269,15.839243498817968,-0.2080378250591052,-264.0000000000045
0.0,1.0,6,1212,11.798679867986799,-0.17409240924093206,-211.00000000000966
0.0,1.0,8,1182,7.7834179357022,-0.2994923857868168,-354.00000000001745
0.0,1.0,10,1164,6.2714776632302405,-0.31013745704467793,-361.0000000000051
0.0,1.0,12,1153,5.2905464006938425,-0.3122289679098171,-360.0000000000191
0.0,1.5,3,1152,27.864583333333332,-0.16406250000001169,-189.00000000001347
0.0,1.5,4,1075,20.74418604651163,-0.23937984496125034,-257.3333333333441
0.0,1.5,6,1012,15.316205533596838,-0.23418972332015833,-237.00000000000023
0.0,1.5,8,974,10.061601642710473,-0.362765229295015,-353.33333333334457
0.0,1.5,10,957,8.463949843260188,-0.3510971786833959,-336.0000000000099
0.0,1.5,12,944,6.991525423728813,-0.3707627118644169,-350.00000000000955
0.0,2.0,3,1041,33.23727185398655,-0.16906820365033812,-176.000000000002
0.0,2.0,4,967,25.853154084798348,-0.22440537745605058,-217.0000000000009
0.0,2.0,6,900,18.444444444444443,-0.26222222222221664,-235.99999999999497
0.0,2.0,8,850,12.352941176470589,-0.3823529411764668,-324.99999999999676
0.0,2.0,10,837,10.51373954599761,-0.36917562724014025,-308.9999999999974
0.0,2.0,12,828,8.816425120772948,-0.3828502415458907,-316.9999999999975
0.0,2.5,3,967,37.125129265770425,-0.1832471561530525,-177.20000000000178
0.0,2.5,4,891,28.84399551066218,-0.2500561167227861,-222.8000000000024
0.0,2.5,6,820,21.097560975609756,-0.28268292682926927,-231.8000000000008
0.0,2.5,8,767,14.471968709256844,-0.39217731421121277,-300.8000000000002
0.0,2.5,10,756,12.433862433862434,-0.3783068783068802,-286.0000000000014
0.0,2.5,12,728,10.576923076923077,-0.38653846153846383,-281.4000000000017
0.0,3.0,3,898,40.86859688195991,-0.18262806236080165,-163.9999999999999
0.0,3.0,4,815,32.515337423312886,-0.24130879345603287,-196.6666666666668
0.0,3.0,6,735,24.897959183673468,-0.25306122448979573,-185.99999999999986
0.0,3.0,8,677,16.986706056129986,-0.3771541112752344,-255.33333333333368
0.0,3.0,10,662,14.652567975830816,-0.36505538771399937,-241.66666666666757
0.0,3.0,12,635,12.440944881889763,-0.37795275590551103,-239.9999999999995
0.25,1.0,3,1260,21.666666666666668,-0.13333333333332634,-167.9999999999912
0.25,1.0,4,1218,16.912972085385878,-0.15435139573070047,-187.99999999999318
0.25,1.0,6,1165,11.931330472103003,-0.16480686695279437,-192.00000000000543
0.25,1.0,8,1128,8.156028368794328,-0.26595744680852157,-300.00000000001234
0.25,1.0,10,1100,6.2727272727272725,-0.3100000000000066,-341.0000000000073
0.25,1.0,12,1096,5.200729927007299,-0.32390510948906814,-355.0000000000187
0.25,1.5,3,1118,27.45974955277281,-0.17620751341682322,-197.00000000000836
0.25,1.5,4,1051,21.027592768791628,-0.22898826514431528,-240.66666666667535
0.25,1.5,6,991,14.732593340060546,-0.2633703329969768,-261.00000000000404
0.25,1.5,8,960,9.895833333333332,-0.3732638888888959,-358.3333333333401
0.25,1.5,10,936,8.11965811965812,-0.377492877492887,-353.33333333334224
0.25,1.5,12,931,6.981740064446831,-0.371643394199797,-346.00000000001097
0.25,2.0,3,980,32.755102040816325,-0.18112244897959223,-177.5000000000004
0.25,2.0,4,909,25.962596259625965,-0.22112211221122435,-201.00000000000293
0.25,2.0,6,854,18.501170960187356,-0.25995316159250753,-222.00000000000142
0.25,2.0,8,821,13.15468940316687,-0.3422655298416558,-280.99999999999943
0.25,2.0,10,796,10.678391959798995,-0.35929648241205864,-285.9999999999987
0.25,2.0,12,789,9.37896070975919,-0.3434727503168552,-270.99999999999875
0.25,2.5,3,900,36.333333333333336,-0.2006666666666672,-180.60000000000048
0.25,2.5,4,830,28.433734939759038,-0.2607228915662684,-216.40000000000276
0.25,2.5,6,766,21.01827676240209,-0.2853785900783333,-218.60000000000335
0.25,2.5,8,730,15.205479452054796,-0.3613698630137006,-263.80000000000143
0.25,2.5,10,710,12.253521126760564,-0.38732394366197576,-275.0000000000028
0.25,2.5,12,695,10.93525179856115,-0.36575539568345855,-254.20000000000368
0.25,3.0,3,842,39.548693586698334,-0.2090261282660329,-175.9999999999997
0.25,3.0,4,764,30.628272251308903,-0.2853403141361271,-218.0000000000011
0.25,3.0,6,700,23.0,-0.3100000000000034,-217.00000000000236
0.25,3.0,8,670,17.16417910447761,-0.3706467661691551,-248.3333333333339
0.25,3.0,10,645,13.953488372093023,-0.39534883720930314,-255.0000000000005
0.25,3.0,12,629,11.605723370429253,-0.41971383147853797,-264.0000000000004
0.5,1.0,3,1143,20.297462817147856,-0.18810148731408366,-214.9999999999976
0.5,1.0,4,1112,16.097122302158272,-0.19514388489206855,-216.99999999998022
0.5,1.0,6,1061,11.215834118755891,-0.21489161168707796,-227.9999999999897
0.5,1.0,8,1041,7.492795389048991,-0.3256484149855709,-338.9999999999793
0.5,1.0,10,1024,5.859375,-0.35546874999998723,-363.9999999999869
0.5,1.0,12,1023,5.180840664711632,-0.3264907135874621,-333.99999999997374
0.5,1.5,3,1039,25.50529355149182,-0.23484119345524562,-244.0000000000002
0.5,1.5,4,987,19.858156028368796,-0.27186761229314266,-268.3333333333318
0.5,1.5,6,939,13.738019169329075,-0.31309904153354123,-293.9999999999952
0.5,1.5,8,915,9.508196721311474,-0.3978142076502702,-363.9999999999972
0.5,1.5,10,895,7.709497206703911,-0.4089385474860269,-365.9999999999941
0.5,1.5,12,894,6.935123042505594,-0.3758389261744872,-335.9999999999916
0.5,2.0,3,942,31.104033970276006,-0.2223991507430923,-209.49999999999295
0.5,2.0,4,882,24.6031746031746,-0.2619047619047479,-230.99999999998764
0.5,2.0,6,826,17.070217917675546,-0.3171912832929643,-261.9999999999885
0.5,2.0,8,796,11.934673366834172,-0.4032663316582822,-320.9999999999926
0.5,2.0,10,769,10.013003901170352,-0.3992197659297647,-306.9999999999891
0.5,2.0,12,768,9.244791666666668,-0.35286458333331633,-270.9999999999869
0.5,2.5,3,854,35.24590163934426,-0.22459016393442652,-191.80000000000024
0.5,2.5,4,794,28.463476070528966,-0.2599496221662434,-206.39999999999728
0.5,2.5,6,737,20.759837177747624,-0.29416553595658107,-216.80000000000024
0.5,2.5,8,700,14.857142857142858,-0.37600000000000106,-263.2000000000007
0.5,2.5,10,677,11.964549483013293,-0.40177252584933515,-271.9999999999999
0.5,2.5,12,667,11.094452773613193,-0.3565217391304305,-237.79999999999714
0.5,3.0,3,818,37.775061124694375,-0.24449877750611215,-199.99999999999974
0.5,3.0,4,763,30.40629095674967,-0.29051987767583587,-221.66666666666276
0.5,3.0,6,698,22.349570200573066,-0.32951289398280964,-230.00000000000114
0.5,3.0,8,652,16.56441717791411,-0.39263803680981885,-256.0000000000019
0.5,3.0,10,628,13.694267515923567,-0.4065817409766489,-255.3333333333355
0.5,3.0,12,620,11.935483870967742,-0.403225806451615,-250.0000000000013
1.0,1.0,3,976,21.311475409836063,-0.14754098360655504,-143.99999999999773
1.0,1.0,4,956,16.94560669456067,-0.15271966527195818,-145.999999999992
1.0,1.0,6,924,11.580086580086581,-0.18939393939393806,-174.99999999999878
1.0,1.0,8,907,8.26901874310915,-0.25578831312018385,-232.00000000000676
1.0,1.0,10,902,7.095343680709535,-0.21951219512196224,-198.00000000000995
1.0,1.0,12,898,5.902004454342984,-0.23273942093540545,-208.9999999999941
1.0,1.5,3,923,27.410617551462625,-0.1776814734561239,-164.00000000000236
1.0,1.5,4,891,21.66105499438833,-0.20576131687243274,-183.33333333333758
1.0,1.5,6,858,15.384615384615385,-0.2307692307692431,-198.00000000001057
1.0,1.5,8,838,11.575178997613365,-0.2669053301511677,-223.6666666666785
1.0,1.5,10,831,9.747292418772563,-0.2527075812274568,-210.00000000001657
1.0,1.5,12,827,8.222490931076178,-0.2599758162031568,-215.0000000000107
1.0,2.0,3,859,33.29452852153667,-0.16763678696158602,-144.0000000000024
1.0,2.0,4,823,26.00243013365735,-0.21992709599027538,-180.99999999999665
1.0,2.0,6,781,18.437900128040972,-0.2624839948783601,-204.99999999999926
1.0,2.0,8,759,13.570487483530963,-0.32147562582344225,-243.99999999999267
1.0,2.0,10,751,11.584553928095872,-0.30492676431423743,-228.99999999999233
1.0,2.0,12,748,9.759358288770054,-0.31684491978609164,-236.99999999999656
1.0,2.5,3,814,36.486486486486484,-0.19729729729729872,-160.60000000000116
1.0,2.5,4,772,28.756476683937827,-0.25233160621761314,-194.79999999999734
1.0,2.5,6,731,20.24623803009576,-0.3116279069767431,-227.79999999999922
1.0,2.5,8,707,14.85148514851485,-0.37623762376237413,-265.9999999999985
1.0,2.5,10,695,12.661870503597122,-0.3669064748201445,-255.00000000000043
1.0,2.5,12,686,10.932944606413994,-0.3658892128279862,-250.99999999999852
1.0,3.0,3,772,39.89637305699482,-0.2020725388601036,-155.99999999999997
1.0,3.0,4,723,31.950207468879665,-0.25449515905947334,-183.99999999999923
1.0,3.0,6,672,23.065476190476193,-0.3080357142857152,-207.00000000000063
1.0,3.0,8,641,16.536661466458657,-0.3936557462298462,-252.33333333333144
1.0,3.0,10,631,14.104595879556259,-0.3888008452192275,-245.33333333333255
1.0,3.0,12,624,12.179487179487179,-0.391025641025639,-243.99999999999875
