window,sl,tp,n,winrate,avgR,sumR
toute_journee,1.5,4,933,23.687031082529476,-0.13147552697391754,-122.66666666666505
toute_journee,1.5,6,884,17.986425339366516,-0.10067873303166973,-88.99999999999604
toute_journee,1.5,8,864,14.120370370370368,-0.1057098765432121,-91.33333333333525
toute_journee,2.0,4,784,28.188775510204085,-0.15433673469388176,-121.00000000000331
toute_journee,2.0,6,738,21.81571815718157,-0.12737127371274337,-94.0000000000046
toute_journee,2.0,8,712,17.275280898876407,-0.13623595505619054,-97.00000000000766
toute_journee,2.5,4,710,31.408450704225356,-0.18338028169014522,-130.20000000000312
toute_journee,2.5,6,660,24.393939393939394,-0.17060606060606834,-112.60000000000511
toute_journee,2.5,8,635,20.15748031496063,-0.1533858267716642,-97.40000000000677
13h-20h,1.5,4,736,23.369565217391305,-0.14311594202899425,-105.33333333333977
13h-20h,1.5,6,690,16.666666666666664,-0.16666666666666896,-115.00000000000158
13h-20h,1.5,8,681,13.509544787077827,-0.1443954968184029,-98.33333333333238
13h-20h,2.0,4,690,28.115942028985508,-0.15652173913043044,-107.999999999997
13h-20h,2.0,6,635,20.31496062992126,-0.1874015748031481,-118.99999999999903
13h-20h,2.0,8,622,16.559485530546624,-0.17202572347267092,-107.00000000000131
13h-20h,2.5,4,628,30.254777070063692,-0.2133757961783444,-134.00000000000028
13h-20h,2.5,6,562,22.597864768683273,-0.23167259786476832,-130.1999999999998
13h-20h,2.5,8,549,18.397085610200364,-0.22732240437158482,-124.80000000000007
7h-14h,1.5,4,1014,24.16173570019724,-0.11406969099278012,-115.66666666667905
7h-14h,1.5,6,984,19.410569105691057,-0.02947154471545784,-29.000000000010516
7h-14h,1.5,8,935,14.973262032085561,-0.051693404634596554,-48.33333333334778
7h-14h,2.0,4,909,30.693069306930692,-0.07920792079208003,-72.00000000000074
7h-14h,2.0,6,880,24.431818181818183,-0.022727272727282213,-20.00000000000835
7h-14h,2.0,8,828,19.32367149758454,-0.03381642512078966,-28.00000000001384
7h-14h,2.5,4,844,35.07109004739337,-0.08815165876777464,-74.4000000000018
7h-14h,2.5,6,806,29.404466501240694,-0.0002481389578160325,-0.19999999999972218
7h-14h,2.5,8,755,23.178807947019866,-0.026490066225163304,-19.999999999998295
0h-24h_sauf_nuit(6-14),1.5,4,1001,27.472527472527474,0.007326007325994409,7.333333333320404
0h-24h_sauf_nuit(6-14),1.5,6,960,20.416666666666668,0.02083333333333194,19.999999999998664
0h-24h_sauf_nuit(6-14),1.5,8,932,15.987124463519315,0.012517882689552092,11.66666666666255
0h-24h_sauf_nuit(6-14),2.0,4,921,32.57328990228013,-0.022801302931611575,-21.00000000001426
0h-24h_sauf_nuit(6-14),2.0,6,874,24.14187643020595,-0.03432494279176686,-30.00000000000423
0h-24h_sauf_nuit(6-14),2.0,8,841,18.90606420927467,-0.054696789536267755,-46.00000000000118
0h-24h_sauf_nuit(6-14),2.5,4,864,36.68981481481482,-0.04606481481481888,-39.800000000003514
0h-24h_sauf_nuit(6-14),2.5,6,809,27.317676143386898,-0.07119901112484173,-57.59999999999695
0h-24h_sauf_nuit(6-14),2.5,8,767,21.773142112125164,-0.0855280312907381,-65.59999999999613
14h-21h(ref),1.5,4,987,19.858156028368796,-0.27186761229314266,-268.3333333333318
14h-21h(ref),1.5,6,939,13.738019169329075,-0.31309904153354123,-293.9999999999952
14h-21h(ref),1.5,8,915,9.508196721311474,-0.3978142076502702,-363.9999999999972
14h-21h(ref),2.0,4,882,24.6031746031746,-0.2619047619047479,-230.99999999998764
14h-21h(ref),2.0,6,826,17.070217917675546,-0.3171912832929643,-261.9999999999885
14h-21h(ref),2.0,8,796,11.934673366834172,-0.4032663316582822,-320.9999999999926
14h-21h(ref),2.5,4,794,28.463476070528966,-0.2599496221662434,-206.39999999999728
14h-21h(ref),2.5,6,737,20.759837177747624,-0.29416553595658107,-216.80000000000024
14h-21h(ref),2.5,8,700,14.857142857142858,-0.37600000000000106,-263.2000000000007
20h-24h+0h-6h(session_asie),1.5,4,1176,21.93877551020408,-0.1955782312925159,-229.9999999999987
20h-24h+0h-6h(session_asie),1.5,6,1143,15.485564304461944,-0.2257217847769022,-257.9999999999992
20h-24h+0h-6h(session_asie),1.5,8,1103,11.242067089755214,-0.28800241764884416,-317.6666666666751
20h-24h+0h-6h(session_asie),2.0,4,1076,25.27881040892193,-0.2416356877323474,-260.0000000000058
20h-24h+0h-6h(session_asie),2.0,6,1039,18.190567853705485,-0.2723772858517916,-283.0000000000115
20h-24h+0h-6h(session_asie),2.0,8,993,13.192346424974824,-0.34038267875127864,-338.00000000001967
20h-24h+0h-6h(session_asie),2.5,4,1002,28.642714570858285,-0.2552894211576847,-255.80000000000007
20h-24h+0h-6h(session_asie),2.5,6,955,20.628272251308903,-0.29863874345550084,-285.2000000000033
20h-24h+0h-6h(session_asie),2.5,8,900,15.11111111111111,-0.3653333333333401,-328.8000000000061
